83C5E484.BBS,1. All My Love- Led Zeppelin
F2490CE2.BBS,2. Babe_ I'm Gonna Leave You- Led Zeppelin
A6198AF4.BBS,3. Black Dog- Led Zeppelin
09DC615C.BBS,4. Communication Breakdown- Led Zeppelin
FB77A0FC.BBS,5. Dancing Days- Led Zeppelin
C94C38C8.BBS,6. Fool In The Rain- Led Zeppelin
77CCBCB2.BBS,7. Good Times_ Bad Times- Led Zeppelin
A1F58AE0.BBS,8. Heartbreaker- Led Zeppelin
9AC93A85.BBS,9. Houses Of The Holy- Led Zeppelin
130DAF4D.BBS,10. Immigrant Song- Led Zeppelin
784DAF1C.BBS,11. In The Evening- Led Zeppelin
70E49818.BBS,12. Kashmir- Led Zeppelin- Led Zeppelin
50E07381.BBS,13. Living Loving Maid- Led Zeppelin
F0FAF652.BBS,14. Moby Dick- Led Zeppelin
6BC90FD1.BBS,15. No Quarter- Led Zeppelin
12527658.BBS,16. Over The Hills And Far Away- Led Zeppelin
72246DEC.BBS,17. Ramble On- Led Zeppelin
7881C4D2.BBS,18. Stairway To Heaven- Led Zeppelin
6818F3E1.BBS,19. The Song Remains The Same- Led Zeppelin
F209D811.BBS,20. When The Levee Breaks- Led Zeppelin
D25FB0A2.BBS,21. Whole Lotta Love- Led Zeppelin