2997EF75.BBS,1. Angels We Have Heard On High- Chris Tomlin
EA116F7F.BBS,2. Born That We May Live- Chris Tomlin
7CDF9C11.BBS,3. Emmanuel- Chris Tomlin
A1F51B39.BBS,4. Glory In The Highest- Chris Tomlin
C9817EA1.BBS,5. Jesus Messiah- Chris Tomlin
7E53D7EA.BBS,6. Joy To The World- Chris Tomlin
99A0DA46.BBS,7. Light Of The World- Chris Tomlin
77591E03.BBS,8. My Soul Magnifies- Chris Tomlin
8E49A1E7.BBS,9. O Come All Ye Faithful- Chris Tomlin
3E4376F7.BBS,10. O Holy Night- Chris Tomlin
289C3D9A.BBS,11. Winter Snow- Chris Tomlin