17121143.BBS,1. Chill 83 Shuffle
73737C8A.BBS,2. Chill 84 Shuffle
640868C9.BBS,3. Chill 85 Shuffle
5D85540C.BBS,4. Chill 86 Shuffle
4AFE404F.BBS,5. Chill 87 Shuffle
95478F9E.BBS,6. Chill 88 Shuffle
823C9BDD.BBS,7. Chill 89 Shuffle
C15D46B8.BBS,8. Chill 90 Shuffle
D62652FB.BBS,9. Melow 91 Shuffle
EFAB6E3E.BBS,10. Chill 92 Shuffle
F8D07A7D.BBS,11. Chill 93 Shuffle
9CB117B4.BBS,12. Chill 94 Shuffle
8BCA03F7.BBS,13. Chill 95 Shuffle
B2473F32.BBS,14. Chill 96 Shuffle
A53C2B71.BBS,15. Chill 97 Shuffle
7A85E4A0.BBS,16. Chill 98 Shuffle
6DFEF0E3.BBS,17. Chill 99 Shuffle
F0441AC5.BBS,18. Chill 100 Shuffle
E73F0E86.BBS,19. Chill 101 Shuffle
DC95D94B.BBS,20. Chill 102 Swung 16s
1D1B068B.BBS,21. Melow 103 Swung 16s
34201308.BBS,22. Chill 104 Swung 16s
F5AECCC8.BBS,23. Chill 105 Swung 16s
6C4CAAC9.BBS,24. Chill 106 Swung 16s
ADC27509.BBS,25. Chill 107 Swung 16s
3E3A81CF.BBS,26. Chill 108 Swung 16s
FFB45E0F.BBS,27. Chill 109 Swung 16s
1F5C2CE5.BBS,28. Chill 110 Swung 16s
DED2F325.BBS,29. Chill 111 Swung 16s
47309524.BBS,30. Chill 112 Swung 16s
86BE4AE4.BBS,31. Chill 113 Swung 16s
AF855F67.BBS,32. Chill 114 Swung 16s
6E0B80A7.BBS,33. Chill 115 Swung 16s
F7E9E6A6.BBS,34. Chill 116 Swung 16s
36673966.BBS,35. Chill 117 Swung 16s
A59FCDA0.BBS,36. Chill 118 Swung 16s
64111260.BBS,37. Chill 119 Swung 16s
68C2FE15.BBS,38. Chill 120 Swung 16s
6509C25C.BBS,39. Chill 121 6/8 Str 8s
129710AC.BBS,40. Chill 122 6/8 Str 8s
89325CC3.BBS,41. Chill 123 6/8 Str 8s
FDAAB54C.BBS,42. Chill 124 6/8 Str 8s
660FF923.BBS,43. Chill 125 6/8 Str 8s
11912BD3.BBS,44. Chill 126 6/8 Str 8s
8A3467BC.BBS,45. Chill 127 6/8 Str 8s
F8A0F8CD.BBS,46. Chill 128 6/8 Str 8s
6305B4A2.BBS,47. Chill 129 6/8 Str 8s
233A57B6.BBS,48. Chill 130 6/8 Str 8s
B89F1BD9.BBS,49. Chill 131 6/8 Str 8s
CF01C929.BBS,50. Chill 132 6/8 Str 8s
6421B7B8.BBS,51. Chill 133 6/8 Swung 16s
FF20B8A2.BBS,52. Chill 134 6/8 Swung 16s
46DB634A.BBS,53. Melow 135 6/8 Swung 16s
57A60933.BBS,54. Chill 136 6/8 Swung 16s
EE5DD2DB.BBS,55. Chill 137 6/8 Swung 16s
BAD51146.BBS,56. Chill 138 6/8 Swung 16s