5886EB8A.BBS,1. Funk 199 Swung
EBDC89B7.BBS,2. Funk 200 Swung
4DAB8203.BBS,3. Funk 201 Swung
7C43989E.BBS,4. Funk 202 Swung
DA34932A.BBS,5. Funk 203 Swung
1F93ADA4.BBS,6. Funk 204 Swung
B9E4A610.BBS,7. Funk 205 Swung
880CBC8D.BBS,8. Funk 206 Swung
2E7BB739.BBS,9. Funk 207 Swung
D833C7D0.BBS,10. Funk 208 Swung
7E44CC64.BBS,11. Funk 209 Swung
27768929.BBS,12. Funk 210 Swung
8101829D.BBS,13. Funk 211 Swung
B0E99800.BBS,14. Funk 212 Swung
169E93B4.BBS,15. Funk 213 Swung
D339AD3A.BBS,16. Funk 214 Swung
754EA68E.BBS,17. Funk 215 Swung
44A6BC13.BBS,18. Funk 216 Swung
E2D1B7A7.BBS,19. Funk 217 Swung
1499C74E.BBS,20. Funk 218 Swung
B2EECCFA.BBS,21. Funk 219 Swung
A9F98ECA.BBS,22. Funk 220 Swung
0F8E857E.BBS,23. Funk 221 Swung
3E669FE3.BBS,24. Funk 222 Swung
98119457.BBS,25. Funk 223 Swung
7D911F69.BBS,26. Funk 224 Go Go
DBE614DD.BBS,27. Funk 225 Go Go
A3D0C922.BBS,28. Funk 226 Chameleon Swung
E405ED27.BBS,29. Funk 227 Chameleon Swung
2287DEF2.BBS,30. Funk 228 Chameleon Swung
A52115B1.BBS,31. Funk 229 Chameleon Swung
2BC5278D.BBS,32. Funk 230 Chameleon Swung
AC63ECCE.BBS,33. Funk 231 Chameleon Swung
FFF9B74A.BBS,34. Funk 232 Chameleon Swung
785F7C09.BBS,35. Funk 233 Chameleon Swung
58CD0042.BBS,36. Funk 234 Chameleon Swung
DF6BCB01.BBS,37. Funk 235 Chameleon Swung
F6092F04.BBS,38. Funk 236 Funky Cowbell-str
21EBAF5C.BBS,39. Funk 237 Funky Cowbell-str
62743992.BBS,40. Funk 238 Funky Cowbell-str
F3660EE2.BBS,41. Funk 239 Funky Cowbell-swg
CC6135AC.BBS,42. Funk 240 Funky Cowbell-swg
1B83B5F4.BBS,43. Funk 241 Funky Cowbell-swg
