45C90708.BBS,1. Daughters- John Mayer
98EBDA27.BBS,2. Gravity- John Mayer
9D709D63.BBS,3. Heartbreak Warfare- John Mayer
BD0A7E7F.BBS,4. In The Blood- John Mayer
36B3A063.BBS,5. New Light- John Mayer
14D59AC2.BBS,6. No Such Thing- John Mayer
9A132612.BBS,7. Paper Doll- John Mayer
2BB75CEC.BBS,8. Perfectly Lonely- John Mayer
6FB74071.BBS,9. Say- John Mayer
EB171FF9.BBS,10. Slow Dancing In A Burning Room- John Mayer
BD381195.BBS,11. Stop This Train- John Mayer
3CCF5A0A.BBS,12. Waiting On The World To Change- John Mayer
34F5846A.BBS,13. Who Says- John Mayer
B96EC464.BBS,14. Why Georgia- John Mayer
EADCCE32.BBS,15. Your Body's A Wonderland- John Mayer
319A6843.BBS,16. No Such Thing- John Mayer Copy